<ImportExportXml version="9.2.24113.160" SolutionPackageVersion="9.2" languagecode="1033" generatedBy="CrmLive" xmlns:xsi="http://www.w3.org/2001/XMLSchema-instance" OrganizationVersion="9.2.24113.160" OrganizationSchemaType="Full" CRMServerServiceabilityVersion="9.2.24113.00184">
  <SolutionManifest>
    <UniqueName>PresalesAssistant</UniqueName>
    <LocalizedNames>
      <LocalizedName description="Proposal Builder" languagecode="1033" />
    </LocalizedNames>
    <Descriptions />
    <Version>1.0.20241207.6</Version>
    <Managed>1</Managed>
    <Publisher>
      <UniqueName>ProDev</UniqueName>
      <LocalizedNames>
        <LocalizedName description="ProDev" languagecode="1033" />
      </LocalizedNames>
      <Descriptions />
      <EMailAddress xsi:nil="true"></EMailAddress>
      <SupportingWebsiteUrl xsi:nil="true"></SupportingWebsiteUrl>
      <CustomizationPrefix>pro</CustomizationPrefix>
      <CustomizationOptionValuePrefix>89501</CustomizationOptionValuePrefix>
      <Addresses>
        <Address>
          <AddressNumber>1</AddressNumber>
          <AddressTypeCode>1</AddressTypeCode>
          <City xsi:nil="true"></City>
          <County xsi:nil="true"></County>
          <Country xsi:nil="true"></Country>
          <Fax xsi:nil="true"></Fax>
          <FreightTermsCode xsi:nil="true"></FreightTermsCode>
          <ImportSequenceNumber xsi:nil="true"></ImportSequenceNumber>
          <Latitude xsi:nil="true"></Latitude>
          <Line1 xsi:nil="true"></Line1>
          <Line2 xsi:nil="true"></Line2>
          <Line3 xsi:nil="true"></Line3>
          <Longitude xsi:nil="true"></Longitude>
          <Name xsi:nil="true"></Name>
          <PostalCode xsi:nil="true"></PostalCode>
          <PostOfficeBox xsi:nil="true"></PostOfficeBox>
          <PrimaryContactName xsi:nil="true"></PrimaryContactName>
          <ShippingMethodCode>1</ShippingMethodCode>
          <StateOrProvince xsi:nil="true"></StateOrProvince>
          <Telephone1 xsi:nil="true"></Telephone1>
          <Telephone2 xsi:nil="true"></Telephone2>
          <Telephone3 xsi:nil="true"></Telephone3>
          <TimeZoneRuleVersionNumber xsi:nil="true"></TimeZoneRuleVersionNumber>
          <UPSZone xsi:nil="true"></UPSZone>
          <UTCOffset xsi:nil="true"></UTCOffset>
          <UTCConversionTimeZoneCode xsi:nil="true"></UTCConversionTimeZoneCode>
        </Address>
        <Address>
          <AddressNumber>2</AddressNumber>
          <AddressTypeCode>1</AddressTypeCode>
          <City xsi:nil="true"></City>
          <County xsi:nil="true"></County>
          <Country xsi:nil="true"></Country>
          <Fax xsi:nil="true"></Fax>
          <FreightTermsCode xsi:nil="true"></FreightTermsCode>
          <ImportSequenceNumber xsi:nil="true"></ImportSequenceNumber>
          <Latitude xsi:nil="true"></Latitude>
          <Line1 xsi:nil="true"></Line1>
          <Line2 xsi:nil="true"></Line2>
          <Line3 xsi:nil="true"></Line3>
          <Longitude xsi:nil="true"></Longitude>
          <Name xsi:nil="true"></Name>
          <PostalCode xsi:nil="true"></PostalCode>
          <PostOfficeBox xsi:nil="true"></PostOfficeBox>
          <PrimaryContactName xsi:nil="true"></PrimaryContactName>
          <ShippingMethodCode>1</ShippingMethodCode>
          <StateOrProvince xsi:nil="true"></StateOrProvince>
          <Telephone1 xsi:nil="true"></Telephone1>
          <Telephone2 xsi:nil="true"></Telephone2>
          <Telephone3 xsi:nil="true"></Telephone3>
          <TimeZoneRuleVersionNumber xsi:nil="true"></TimeZoneRuleVersionNumber>
          <UPSZone xsi:nil="true"></UPSZone>
          <UTCOffset xsi:nil="true"></UTCOffset>
          <UTCConversionTimeZoneCode xsi:nil="true"></UTCConversionTimeZoneCode>
        </Address>
      </Addresses>
    </Publisher>
    <RootComponents>
      <RootComponent type="1" schemaName="account" behavior="1" />
      <RootComponent type="1" schemaName="activitypointer" behavior="2" />
      <RootComponent type="1" schemaName="contact" behavior="1" />
      <RootComponent type="1" schemaName="pro_estimation" behavior="0" />
      <RootComponent type="1" schemaName="pro_estimationdetail" behavior="0" />
      <RootComponent type="1" schemaName="pro_estimationfactor" behavior="0" />
      <RootComponent type="1" schemaName="pro_phase" behavior="0" />
      <RootComponent type="1" schemaName="pro_projectteammember" behavior="0" />
      <RootComponent type="1" schemaName="pro_proposal" behavior="0" />
      <RootComponent type="1" schemaName="pro_proposalbpf" behavior="0" />
      <RootComponent type="1" schemaName="pro_proposalteammember" behavior="0" />
      <RootComponent type="1" schemaName="pro_subphase" behavior="0" />
      <RootComponent type="1" schemaName="pro_teammember" behavior="0" />
      <RootComponent type="1" schemaName="pro_technology" behavior="0" />
      <RootComponent type="1" schemaName="systemuser" behavior="1" />
      <RootComponent type="1" schemaName="transactioncurrency" behavior="1" />
      <RootComponent type="9" schemaName="pro_rolecode" behavior="0" />
      <RootComponent type="9" schemaName="pro_versionstatuscode" behavior="0" />
      <RootComponent type="20" id="{12f57dd2-0baf-ef11-8a69-7c1e527200a2}" behavior="0" />
      <RootComponent type="20" id="{536a14e9-0aaf-ef11-8a69-6045bdf2cb41}" behavior="0" />
      <RootComponent type="20" id="{a4ab7ee0-0aaf-ef11-8a69-6045bd9914cc}" behavior="0" />
      <RootComponent type="29" id="{067b8460-3c98-ef11-8a68-7c1e527200a2}" behavior="0" />
      <RootComponent type="29" id="{23a1804c-65b4-ef11-b8e8-7c1e527200a2}" behavior="0" />
      <RootComponent type="29" id="{2c0e936e-0020-ef11-840a-000d3a3771c2}" behavior="0" />
      <RootComponent type="29" id="{92f989d3-599e-ef11-8a69-6045bd88da3d}" behavior="0" />
      <RootComponent type="29" id="{a35672de-ff1f-ef11-840a-000d3a3771c2}" behavior="0" />
      <RootComponent type="29" id="{b86d5497-f720-ef11-840a-000d3a3771c2}" behavior="0" />
      <RootComponent type="29" id="{d0186000-65b4-ef11-b8e8-7c1e527200a2}" behavior="0" />
      <RootComponent type="60" id="{15310138-d320-ef11-840a-000d3a3771c2}" behavior="0" />
      <RootComponent type="61" schemaName="pro_cloneestimationjs" behavior="0" />
      <RootComponent type="61" schemaName="pro_copyestimationfactortodetail" behavior="0" />
      <RootComponent type="61" schemaName="pro_openEstimationTemplatePagejs" behavior="0" />
      <RootComponent type="61" schemaName="pro_ProposalBuilderAppLogo" behavior="0" />
      <RootComponent type="61" schemaName="pro_triggerproposalrecalculatejs" behavior="0" />
      <RootComponent type="61" schemaName="pro_triggerrecalculatejs" behavior="0" />
      <RootComponent type="62" schemaName="pro_PresalesAssistant" behavior="0" />
      <RootComponent type="80" schemaName="pro_PresalesAssistant" behavior="0" />
      <RootComponent type="91" id="{c5785f4c-2092-4a61-9ae4-f578d8c373e5}" schemaName="CalculateProposalTotals, Version=1.0.0.0, Culture=neutral, PublicKeyToken=6e4c89cab419adac" behavior="0" />
      <RootComponent type="91" id="{9a2bb086-a19e-4e75-929c-72e86e5cb2e5}" schemaName="EstimationClone, Version=1.0.0.0, Culture=neutral, PublicKeyToken=3aeef5f3acb36968" behavior="0" />
      <RootComponent type="91" id="{8328cb3c-807b-43a6-a0a6-ccb1187a8f04}" schemaName="RefreshRollupFields, Version=1.0.0.0, Culture=neutral, PublicKeyToken=9a9bc60afb58556f" behavior="0" />
      <RootComponent type="92" id="{3336ce90-4eab-ef11-8a69-6045bd9914cc}" behavior="0" />
      <RootComponent type="92" id="{8c0c066b-72a5-ef11-8a69-6045bd88da3d}" behavior="0" />
      <RootComponent type="92" id="{9ca233ba-dca3-ef11-8a69-6045bd88da3d}" behavior="0" />
      <RootComponent type="300" schemaName="pro_estimationtemplate_810fb" behavior="0" />
      <RootComponent type="300" schemaName="pro_presalesassistantdefaultcommandlibrary_2645f" behavior="0" />
    </RootComponents>
    <MissingDependencies>
      <MissingDependency>
        <Required type="1" schemaName="opportunity" displayName="Opportunity" solution="msdynce_Sales (9.0.4.0076)">
          <package appName="Dynamics 365 Core Sales" version="9.0.24112.10002">msdynce_SalesAnchor (9.0.24112.10002)</package>
        </Required>
        <Dependent type="60" displayName="Account main form" parentDisplayName="Account" id="{5fb33b10-dab0-ef11-8a69-6045bd9914cc}" />
      </MissingDependency>
      <MissingDependency>
        <Required type="2" schemaName="originatingleadid" displayName="Originating Lead" parentSchemaName="account" parentDisplayName="Account" solution="msdynce_LeadManagement (9.0.4.0066)">
          <package appName="Dynamics 365 Lead Management" version="9.0.24114.10001">msdynce_LeadManagementAnchor (9.0.24114.10001)</package>
        </Required>
        <Dependent type="60" displayName="Account main form" parentDisplayName="Account" id="{5fb33b10-dab0-ef11-8a69-6045bd9914cc}" />
      </MissingDependency>
      <MissingDependency>
        <Required type="26" schemaName="My Open Opportunities" displayName="My Open Opportunities" parentSchemaName="opportunity" parentDisplayName="Opportunity" solution="msdynce_Sales (9.0.4.0076)" id="{00000000-0000-0000-00aa-000010003000}">
          <package appName="Dynamics 365 Core Sales" version="9.0.24112.10002">msdynce_SalesAnchor (9.0.24112.10002)</package>
        </Required>
        <Dependent type="60" displayName="Account main form" parentDisplayName="Account" id="{5fb33b10-dab0-ef11-8a69-6045bd9914cc}" />
      </MissingDependency>
      <MissingDependency>
        <Required type="26" schemaName="Recent Opportunities" displayName="Recent Opportunities" parentSchemaName="opportunity" parentDisplayName="Opportunity" solution="msdynce_Sales (9.0.4.0076)" id="{9c3f7ee8-eca7-e211-9fb6-00155dd0ea05}">
          <package appName="Dynamics 365 Core Sales" version="9.0.24112.10002">msdynce_SalesAnchor (9.0.24112.10002)</package>
        </Required>
        <Dependent type="60" displayName="Account main form" parentDisplayName="Account" id="{5fb33b10-dab0-ef11-8a69-6045bd9914cc}" />
      </MissingDependency>
      <MissingDependency>
        <Required type="59" schemaName="Top Customers" displayName="Top Customers" parentSchemaName="opportunity" parentDisplayName="Opportunity" solution="msdynce_Sales (9.0.4.0076)" id="{8bc5fb18-48f2-4782-9e16-3d452fa4ddce}">
          <package appName="Dynamics 365 Core Sales" version="9.0.24112.10002">msdynce_SalesAnchor (9.0.24112.10002)</package>
        </Required>
        <Dependent type="60" displayName="Account main form" parentDisplayName="Account" id="{5fb33b10-dab0-ef11-8a69-6045bd9914cc}" />
      </MissingDependency>
      <MissingDependency>
        <Required type="60" displayName="Customer profile" parentDisplayName="Contact" solution="OmnichannelBase (1.10.0.84)" id="{05ea391a-d034-43fe-849b-b4fa3213a2b2}">
          <package appName="Unified Routing - Base" version="1.5.26.154">UnifiedRoutingPrimeAnchor (1.5.26.154)</package>
        </Required>
        <Dependent type="80" schemaName="pro_PresalesAssistant" displayName="Proposal Builder" />
      </MissingDependency>
      <MissingDependency>
        <Required type="60" displayName="Account Reference Panel" parentDisplayName="Account" solution="msdynce_AppCommon (9.0.4.0066)" id="{098ae145-1567-41ec-8398-86dbaac70c9b}">
          <package appName="Dynamics 365 Application Common" version="9.0.24112.10001">msdynce_AppCommonAnchor (9.0.24112.10001)</package>
        </Required>
        <Dependent type="80" schemaName="pro_PresalesAssistant" displayName="Proposal Builder" />
      </MissingDependency>
      <MissingDependency>
        <Required type="60" displayName="Contact" parentDisplayName="Contact" solution="msdynce_AppCommon (9.0.4.0066)" id="{1fed44d1-ae68-4a41-bd2b-f13acac4acfa}">
          <package appName="Dynamics 365 Application Common" version="9.0.24112.10001">msdynce_AppCommonAnchor (9.0.24112.10001)</package>
        </Required>
        <Dependent type="80" schemaName="pro_PresalesAssistant" displayName="Proposal Builder" />
      </MissingDependency>
      <MissingDependency>
        <Required type="60" displayName="Social Profiles" parentDisplayName="Account" solution="msdynce_AppCommon (9.0.4.0066)" id="{2205c86d-ed88-4a2f-a447-3b86a8781f2e}">
          <package appName="Dynamics 365 Application Common" version="9.0.24112.10001">msdynce_AppCommonAnchor (9.0.24112.10001)</package>
        </Required>
        <Dependent type="80" schemaName="pro_PresalesAssistant" displayName="Proposal Builder" />
      </MissingDependency>
      <MissingDependency>
        <Required type="60" displayName="account contact card" parentDisplayName="Contact" solution="msdynce_AppCommon (9.0.4.0066)" id="{29de27bc-a257-4f29-99cf-bab4a84e688f}">
          <package appName="Dynamics 365 Application Common" version="9.0.24112.10001">msdynce_AppCommonAnchor (9.0.24112.10001)</package>
        </Required>
        <Dependent type="60" displayName="Account main form" parentDisplayName="Account" id="{5fb33b10-dab0-ef11-8a69-6045bd9914cc}" />
      </MissingDependency>
      <MissingDependency>
        <Required type="60" displayName="account contact card" parentDisplayName="Contact" solution="msdynce_AppCommon (9.0.4.0066)" id="{29de27bc-a257-4f29-99cf-bab4a84e688f}">
          <package appName="Dynamics 365 Application Common" version="9.0.24112.10001">msdynce_AppCommonAnchor (9.0.24112.10001)</package>
        </Required>
        <Dependent type="80" schemaName="pro_PresalesAssistant" displayName="Proposal Builder" />
      </MissingDependency>
      <MissingDependency>
        <Required type="60" displayName="App for Outlook Contact Quick View" parentDisplayName="Contact" solution="AppforOutlook (1.2.13.0)" id="{3d22ab88-96c8-4b3f-a533-d4827e2925c9}">
          <package appName="Guided Help Package" version="1.2.402">AppforOutlookCDSSolution (1.2.402)</package>
        </Required>
        <Dependent type="80" schemaName="pro_PresalesAssistant" displayName="Proposal Builder" />
      </MissingDependency>
      <MissingDependency>
        <Required type="60" displayName="Recent Cases and Entitlements" parentDisplayName="Account" solution="msdynce_Service (9.0.5.56)" id="{43300723-f867-420b-ab28-976a4d12e6c4}">
          <package appName="Dynamics 365 Core Service" version="9.0.24112.1002">msdynce_ServiceAnchor (9.0.24112.1002)</package>
        </Required>
        <Dependent type="80" schemaName="pro_PresalesAssistant" displayName="Proposal Builder" />
      </MissingDependency>
      <MissingDependency>
        <Required type="60" displayName="Live Persona Card Form" parentDisplayName="Contact" solution="msdynce_AppCommonPatch201904 (9.0.24112.10001)" id="{449faa0e-f471-48ec-87d0-4719909546d2}">
          <package appName="Dynamics 365 Application Common" version="9.0.24112.10001">msdynce_AppCommonAnchor (9.0.24112.10001)</package>
        </Required>
        <Dependent type="80" schemaName="pro_PresalesAssistant" displayName="Proposal Builder" />
      </MissingDependency>
      <MissingDependency>
        <Required type="60" displayName="Cases For Customer" parentDisplayName="Account" solution="OmnichannelPrime (1.10.0.69)" id="{48028ae0-bf87-48c9-adf6-3dc9f29d7661}">
          <package appName="Omnichannel for Customer Service - Base" version="1.5.26.345">OmnichannelPrimeAnchor (1.5.26.345)</package>
        </Required>
        <Dependent type="80" schemaName="pro_PresalesAssistant" displayName="Proposal Builder" />
      </MissingDependency>
      <MissingDependency>
        <Required type="60" displayName="Cases for Customer" parentDisplayName="Contact" solution="OmnichannelPrime (1.10.0.69)" id="{5194a156-576a-4fa1-bf1a-abf7a41b0e8c}">
          <package appName="Omnichannel for Customer Service - Base" version="1.5.26.345">OmnichannelPrimeAnchor (1.5.26.345)</package>
        </Required>
        <Dependent type="80" schemaName="pro_PresalesAssistant" displayName="Proposal Builder" />
      </MissingDependency>
      <MissingDependency>
        <Required type="60" displayName="Contact Quick Create" parentDisplayName="Contact" solution="msdynce_AppCommon (9.0.4.0066)" id="{661157fe-2fc9-4eaa-835f-5bfa2f7b64f7}">
          <package appName="Dynamics 365 Application Common" version="9.0.24112.10001">msdynce_AppCommonAnchor (9.0.24112.10001)</package>
        </Required>
        <Dependent type="80" schemaName="pro_PresalesAssistant" displayName="Proposal Builder" />
      </MissingDependency>
      <MissingDependency>
        <Required type="60" displayName="Account Hierarchy Tile Form" parentDisplayName="Account" solution="msdynce_AppCommon (9.0.4.0066)" id="{69cff312-cfb6-4289-9631-249ab85d2c62}">
          <package appName="Dynamics 365 Application Common" version="9.0.24112.10001">msdynce_AppCommonAnchor (9.0.24112.10001)</package>
        </Required>
        <Dependent type="80" schemaName="pro_PresalesAssistant" displayName="Proposal Builder" />
      </MissingDependency>
      <MissingDependency>
        <Required type="60" displayName="contact card" parentDisplayName="Contact" solution="msdynce_AppCommon (9.0.4.0066)" id="{707fc57b-c5e6-471b-a180-e37ed28a38e2}">
          <package appName="Dynamics 365 Application Common" version="9.0.24112.10001">msdynce_AppCommonAnchor (9.0.24112.10001)</package>
        </Required>
        <Dependent type="80" schemaName="pro_PresalesAssistant" displayName="Proposal Builder" />
      </MissingDependency>
      <MissingDependency>
        <Required type="60" displayName="App for Outlook Account Quick View" parentDisplayName="Account" solution="AppforOutlookPatch (1.2.402)" id="{76b81f10-2a08-4f1a-9454-ee38bea94eb5}">
          <package appName="Guided Help Package" version="1.2.402">AppforOutlookCDSSolution (1.2.402)</package>
        </Required>
        <Dependent type="80" schemaName="pro_PresalesAssistant" displayName="Proposal Builder" />
      </MissingDependency>
      <MissingDependency>
        <Required type="60" displayName="Social Profiles" parentDisplayName="Contact" solution="msdynce_AppCommon (9.0.4.0066)" id="{7bb87dfd-ec3e-4ed9-8e3e-5725d3067295}">
          <package appName="Dynamics 365 Application Common" version="9.0.24112.10001">msdynce_AppCommonAnchor (9.0.24112.10001)</package>
        </Required>
        <Dependent type="80" schemaName="pro_PresalesAssistant" displayName="Proposal Builder" />
      </MissingDependency>
      <MissingDependency>
        <Required type="60" displayName="account card" parentDisplayName="Account" solution="msdynce_AppCommon (9.0.4.0066)" id="{b028db32-3619-48a5-ac51-cf3f947b0ef3}">
          <package appName="Dynamics 365 Application Common" version="9.0.24112.10001">msdynce_AppCommonAnchor (9.0.24112.10001)</package>
        </Required>
        <Dependent type="80" schemaName="pro_PresalesAssistant" displayName="Proposal Builder" />
      </MissingDependency>
      <MissingDependency>
        <Required type="60" displayName="Contact Quick Form" parentDisplayName="Contact" solution="msdynce_AppCommon (9.0.4.0066)" id="{bdb0ae1c-32fa-4374-b637-8dafe107bc44}">
          <package appName="Dynamics 365 Application Common" version="9.0.24112.10001">msdynce_AppCommonAnchor (9.0.24112.10001)</package>
        </Required>
        <Dependent type="80" schemaName="pro_PresalesAssistant" displayName="Proposal Builder" />
      </MissingDependency>
      <MissingDependency>
        <Required type="60" displayName="Account Quick Create" parentDisplayName="Account" solution="msdynce_AppCommon (9.0.4.0066)" id="{c9e7ec2d-efca-4e4c-b3e3-f63c4bba5e4b}">
          <package appName="Dynamics 365 Application Common" version="9.0.24112.10001">msdynce_AppCommonAnchor (9.0.24112.10001)</package>
        </Required>
        <Dependent type="80" schemaName="pro_PresalesAssistant" displayName="Proposal Builder" />
      </MissingDependency>
      <MissingDependency>
        <Required type="60" displayName="App for Outlook Contact Card" parentDisplayName="Contact" solution="AppforOutlook (1.2.13.0)" id="{cdbb9298-3b2e-41f3-8f4a-0168d6b09fc4}">
          <package appName="Guided Help Package" version="1.2.402">AppforOutlookCDSSolution (1.2.402)</package>
        </Required>
        <Dependent type="80" schemaName="pro_PresalesAssistant" displayName="Proposal Builder" />
      </MissingDependency>
      <MissingDependency>
        <Required type="60" displayName="Contact Reference Panel" parentDisplayName="Contact" solution="msdynce_AppCommon (9.0.4.0066)" id="{d880c3cf-80e2-42f3-82f9-24d040d09f17}">
          <package appName="Dynamics 365 Application Common" version="9.0.24112.10001">msdynce_AppCommonAnchor (9.0.24112.10001)</package>
        </Required>
        <Dependent type="80" schemaName="pro_PresalesAssistant" displayName="Proposal Builder" />
      </MissingDependency>
      <MissingDependency>
        <Required type="60" displayName="Customer profile" parentDisplayName="Account" solution="OmnichannelBase (1.10.0.84)" id="{e9a9c8a9-e94d-47a9-a6c3-ec37ddb83b99}">
          <package appName="Unified Routing - Base" version="1.5.26.154">UnifiedRoutingPrimeAnchor (1.5.26.154)</package>
        </Required>
        <Dependent type="80" schemaName="pro_PresalesAssistant" displayName="Proposal Builder" />
      </MissingDependency>
      <MissingDependency>
        <Required type="60" displayName="Recent Cases and Entitlements" parentDisplayName="Contact" solution="msdynce_AppCommon (9.0.4.0066)" id="{f3b707fb-3b5f-45f9-9c6b-5e573bb5d19e}">
          <package appName="Dynamics 365 Application Common" version="9.0.24112.10001">msdynce_AppCommonAnchor (9.0.24112.10001)</package>
        </Required>
        <Dependent type="80" schemaName="pro_PresalesAssistant" displayName="Proposal Builder" />
      </MissingDependency>
      <MissingDependency>
        <Required type="60" displayName="App for Outlook Account Card" parentDisplayName="Account" solution="AppforOutlookPatch (1.2.402)" id="{fb65cc73-181c-468b-9bb3-82ecde306991}">
          <package appName="Guided Help Package" version="1.2.402">AppforOutlookCDSSolution (1.2.402)</package>
        </Required>
        <Dependent type="80" schemaName="pro_PresalesAssistant" displayName="Proposal Builder" />
      </MissingDependency>
      <MissingDependency>
        <Required type="61" schemaName="msdyn_/Account/AssetCommon.Account.Library.js" displayName="msdyn_/Account/AssetCommon.Account.Library.js" solution="msdyn_AssetCommon (1.0.50.1)">
          <package appName="Dynamics 365 Core Service" version="9.0.24112.1002">msdynce_ServiceAnchor (9.0.24112.1002)</package>
        </Required>
        <Dependent type="60" displayName="Account main form" parentDisplayName="Account" id="{5fb33b10-dab0-ef11-8a69-6045bd9914cc}" />
      </MissingDependency>
      <MissingDependency>
        <Required type="61" schemaName="msdyn_/ConnectedCustomerService/Images/SVG/Commands/DeviceDetails.svg" displayName="msdyn_/ConnectedCustomerService/Images/SVG/Commands/DeviceDetails.svg" solution="msdyn_ConnectedCustomerService (9.0.23122.1017)">
          <package appName="Dynamics 365 Core Service" version="9.0.24112.1002">msdynce_ServiceAnchor (9.0.24112.1002)</package>
        </Required>
        <Dependent type="62" schemaName="pro_PresalesAssistant" />
      </MissingDependency>
      <MissingDependency>
        <Required type="61" schemaName="msdyn_/Images/BrowseCards" displayName="msdyn_/Images/BrowseCards" solution="Relationshipassistant (9.1.24112.10001)">
          <package appName="Dynamics Sales Embedded Package" version="9.0.24112.10004">msdynce_SalesInsightsAnchor (9.0.24112.10004)</package>
        </Required>
        <Dependent type="62" schemaName="pro_PresalesAssistant" />
      </MissingDependency>
      <MissingDependency>
        <Required type="61" schemaName="msdyn_SalesOmniChannel/SalesPhoneNumber.Library.js" displayName="msdyn_SalesOmniChannel/SalesPhoneNumber.Library.js" solution="msdyn_SalesOmniChannel (9.1.24112.10002)">
          <package appName="Dynamics 365 Accelerated Sales" version="9.1.24112.10002">msdyn_AcceleratedSalesAnchor (9.1.24112.10002)</package>
        </Required>
        <Dependent type="60" displayName="Account main form" parentDisplayName="Account" id="{5fb33b10-dab0-ef11-8a69-6045bd9914cc}" />
      </MissingDependency>
      <MissingDependency>
        <Required type="61" schemaName="msfp_SatisfactionMatrix_32" displayName="msfp_SatisfactionMatrix_32" solution="MicrosoftFormsPro (2.0.0.48)">
          <package appName="Dynamics 365 Customer Voice" version="2.0.0.48">MicrosoftFormsPro (2.0.0.48)</package>
        </Required>
        <Dependent type="62" schemaName="pro_PresalesAssistant" />
      </MissingDependency>
      <MissingDependency>
        <Required type="61" schemaName="mspp_entity_lists.svg" displayName="mspp_entity_lists.svg" solution="PowerPages_AppResources (1.0.2407.1)" />
        <Dependent type="62" schemaName="pro_PresalesAssistant" />
      </MissingDependency>
      <MissingDependency>
        <Required type="61" schemaName="mspp_redirects.svg" displayName="mspp_redirects.svg" solution="PowerPages_AppResources (1.0.2407.1)" />
        <Dependent type="62" schemaName="pro_PresalesAssistant" />
      </MissingDependency>
      <MissingDependency>
        <Required type="61" schemaName="mspp_shortcuts.svg" displayName="mspp_shortcuts.svg" solution="PowerPages_AppResources (1.0.2407.1)" />
        <Dependent type="62" schemaName="pro_PresalesAssistant" />
      </MissingDependency>
      <MissingDependency>
        <Required type="61" schemaName="Service/_imgs/Incident/Origin/700610000OriginIcon.svg" displayName="Service/_imgs/Incident/Origin/700610000OriginIcon.svg" solution="msdynce_ServicePatch201911 (9.0.24112.1002)">
          <package appName="Dynamics 365 Core Service" version="9.0.24112.1002">msdynce_ServiceAnchor (9.0.24112.1002)</package>
        </Required>
        <Dependent type="62" schemaName="pro_PresalesAssistant" />
      </MissingDependency>
      <MissingDependency>
        <Required type="61" schemaName="Swarming/_imgs/msdyn_swarmentityicon.svg" displayName="Swarming/_imgs/msdyn_swarmentityicon.svg" solution="msdyn_Swarming (9.0.24112.1018)">
          <package appName="Dynamics 365 Service Extended" version="9.0.24112.1018">msdyn_ServiceExtendedAnchor (9.0.24112.1018)</package>
        </Required>
        <Dependent type="62" schemaName="pro_PresalesAssistant" />
      </MissingDependency>
      <MissingDependency>
        <Required type="66" schemaName="Microsoft.AddressInputUCI" displayName="Microsoft.AddressInputUCI" solution="BaseCustomControlsCore (9.0.2411.1021)">
          <package appName="Base Custom Controls" version="9.0.2411.1021">BaseCustomControlsCore (9.0.2411.1021)</package>
        </Required>
        <Dependent type="60" displayName="Account main form" parentDisplayName="Account" id="{5fb33b10-dab0-ef11-8a69-6045bd9914cc}" />
      </MissingDependency>
      <MissingDependency>
        <Required type="66" schemaName="MscrmControls.CardFeedContainer.CardFeedContainer" displayName="MscrmControls.CardFeedContainer.CardFeedContainer" solution="BaseCustomControlsCore (9.0.2411.1021)">
          <package appName="Base Custom Controls" version="9.0.2411.1021">BaseCustomControlsCore (9.0.2411.1021)</package>
        </Required>
        <Dependent type="60" displayName="Account main form" parentDisplayName="Account" id="{5fb33b10-dab0-ef11-8a69-6045bd9914cc}" />
      </MissingDependency>
      <MissingDependency>
        <Required type="66" schemaName="MscrmControls.Grid.GridControl" displayName="MscrmControls.Grid.GridControl" solution="BaseCustomControlsCore (9.0.2411.1021)">
          <package appName="Base Custom Controls" version="9.0.2411.1021">BaseCustomControlsCore (9.0.2411.1021)</package>
        </Required>
        <Dependent type="60" displayName="Information" parentDisplayName="Estimation" id="{31c0f4e6-1774-4f72-b71f-2bf1848fbbde}" />
      </MissingDependency>
      <MissingDependency>
        <Required type="66" schemaName="MscrmControls.Grid.GridControl" displayName="MscrmControls.Grid.GridControl" solution="BaseCustomControlsCore (9.0.2411.1021)">
          <package appName="Base Custom Controls" version="9.0.2411.1021">BaseCustomControlsCore (9.0.2411.1021)</package>
        </Required>
        <Dependent type="68" id="{05922ae2-b607-49f0-8f41-0619da732a4e}" />
      </MissingDependency>
      <MissingDependency>
        <Required type="66" schemaName="MscrmControls.Grid.GridControl" displayName="MscrmControls.Grid.GridControl" solution="BaseCustomControlsCore (9.0.2411.1021)">
          <package appName="Base Custom Controls" version="9.0.2411.1021">BaseCustomControlsCore (9.0.2411.1021)</package>
        </Required>
        <Dependent type="68" id="{388514cf-f94f-4755-b442-802ce9e2531d}" />
      </MissingDependency>
      <MissingDependency>
        <Required type="66" schemaName="msdyn_MscrmControls.TreeView.TreeViewControl" displayName="msdyn_MscrmControls.TreeView.TreeViewControl" solution="msdyn_AssetCommon (1.0.50.1)">
          <package appName="Dynamics 365 Core Service" version="9.0.24112.1002">msdynce_ServiceAnchor (9.0.24112.1002)</package>
        </Required>
        <Dependent type="60" displayName="Account main form" parentDisplayName="Account" id="{5fb33b10-dab0-ef11-8a69-6045bd9914cc}" />
      </MissingDependency>
      <MissingDependency>
        <Required type="66" schemaName="msdyn_SalesOmniChannel.SalesPhoneNumberControl" displayName="msdyn_SalesOmniChannel.SalesPhoneNumberControl" solution="msdyn_SalesOmniChannel (9.1.24112.10002)">
          <package appName="Dynamics 365 Accelerated Sales" version="9.1.24112.10002">msdyn_AcceleratedSalesAnchor (9.1.24112.10002)</package>
        </Required>
        <Dependent type="60" displayName="Account main form" parentDisplayName="Account" id="{5fb33b10-dab0-ef11-8a69-6045bd9914cc}" />
      </MissingDependency>
      <MissingDependency>
        <Required type="SettingDefinition" displayName="AppChannel" solution="msdyn_AppFrameworkInfraExtensions (1.0.0.12)" id.uniquename="AppChannel">
          <package appName="PowerAppsAppFramework Package" version="1.0.0.16">PowerAppsAppFramework_Anchor (1.0.0.16)</package>
        </Required>
        <Dependent type="AppSetting" displayName="parentappmoduleid.uniquename=pro_PresalesAssistant,settingdefinitionid.uniquename=AppChannel" id.parentappmoduleid.uniquename="pro_PresalesAssistant" id.settingdefinitionid.uniquename="AppChannel" />
      </MissingDependency>
      <MissingDependency>
        <Required type="SettingDefinition" displayName="msdyn_IsTeamsDynamicsIntegrationEnabled" solution="msdynce_OfficeProductivity (9.0.24112.10003)" id.uniquename="msdyn_IsTeamsDynamicsIntegrationEnabled">
          <package appName="Dynamics 365 Office Producttivity" version="9.0.24112.10003">msdynce_OfficeProductivityAnchor (9.0.24112.10003)</package>
        </Required>
        <Dependent type="AppSetting" displayName="parentappmoduleid.uniquename=pro_PresalesAssistant,settingdefinitionid.uniquename=msdyn_IsTeamsDynamicsIntegrationEnabled" id.parentappmoduleid.uniquename="pro_PresalesAssistant" id.settingdefinitionid.uniquename="msdyn_IsTeamsDynamicsIntegrationEnabled" />
      </MissingDependency>
    </MissingDependencies>
  </SolutionManifest>
</ImportExportXml>