<appaction uniquename="pro__Recalculate!d29ec99d199a49fd9b66f6c3ecb35afd!pro_PresalesAssistant!pro_estimation!0">
  <appmoduleid>
    <uniquename>pro_PresalesAssistant</uniquename>
  </appmoduleid>
  <buttonlabeltext default="Recalculate">
    <label description="Recalculate" languagecode="1033" />
  </buttonlabeltext>
  <context>1</context>
  <contextentity>
    <logicalname>pro_estimation</logicalname>
  </contextentity>
  <contextvalue>pro_estimation</contextvalue>
  <fonticon>$clientsvg:Calculator</fonticon>
  <hidden>0</hidden>
  <iscustomizable>1</iscustomizable>
  <isdisabled>0</isdisabled>
  <isgrouptitlehidden>0</isgrouptitlehidden>
  <location>0</location>
  <name>Recalculate!d29ec99d199a49fd9b66f6c3ecb35afd</name>
  <onclickeventjavascriptfunctionname>triggerRecalculate</onclickeventjavascriptfunctionname>
  <onclickeventjavascriptparameters>[{"type":5}]</onclickeventjavascriptparameters>
  <onclickeventjavascriptwebresourceid>
    <webresourceid>819ee26f-eda3-ef11-8a69-6045bd88da3d</webresourceid>
  </onclickeventjavascriptwebresourceid>
  <onclickeventtype>2</onclickeventtype>
  <origin>0</origin>
  <sequence>100100046.5000000000</sequence>
  <statecode>0</statecode>
  <statuscode>1</statuscode>
  <type>0</type>
  <visibilitytype>0</visibilitytype>
</appaction>