<appaction uniquename="pro__CreateEstimation!d39a3767a2384dbda5c4473e9af65c49!pro_PresalesAssistant!pro_proposal!0">
  <appmoduleid>
    <uniquename>pro_PresalesAssistant</uniquename>
  </appmoduleid>
  <buttonlabeltext default="Create Estimation">
    <label description="Create Estimation" languagecode="1033" />
  </buttonlabeltext>
  <context>1</context>
  <contextentity>
    <logicalname>pro_proposal</logicalname>
  </contextentity>
  <contextvalue>pro_proposal</contextvalue>
  <fonticon>$clientsvg:Add</fonticon>
  <hidden>0</hidden>
  <iscustomizable>1</iscustomizable>
  <isdisabled>0</isdisabled>
  <isgrouptitlehidden>0</isgrouptitlehidden>
  <location>0</location>
  <name>CreateEstimation!d39a3767a2384dbda5c4473e9af65c49</name>
  <onclickeventjavascriptfunctionname>openEstimationTemplatePage</onclickeventjavascriptfunctionname>
  <onclickeventjavascriptparameters>[{"type":5}]</onclickeventjavascriptparameters>
  <onclickeventjavascriptwebresourceid>
    <webresourceid>935718ba-2aac-ef11-8a69-7c1e527200a2</webresourceid>
  </onclickeventjavascriptwebresourceid>
  <onclickeventtype>2</onclickeventtype>
  <origin>0</origin>
  <sequence>100100046.0000000000</sequence>
  <statecode>0</statecode>
  <statuscode>1</statuscode>
  <type>0</type>
  <visibilitytype>0</visibilitytype>
</appaction>