<appaction uniquename="crf60__Clone!9771e684ce4a47d68267f21f47a23f5d!pro_PresalesAssistant!pro_estimation!0">
  <appmoduleid>
    <uniquename>pro_PresalesAssistant</uniquename>
  </appmoduleid>
  <buttonlabeltext default="Clone">
    <label description="Clone" languagecode="1033" />
  </buttonlabeltext>
  <context>1</context>
  <contextentity>
    <logicalname>pro_estimation</logicalname>
  </contextentity>
  <contextvalue>pro_estimation</contextvalue>
  <fonticon>Clone</fonticon>
  <hidden>0</hidden>
  <iscustomizable>1</iscustomizable>
  <isdisabled>0</isdisabled>
  <isgrouptitlehidden>0</isgrouptitlehidden>
  <location>0</location>
  <name>Clone!9771e684ce4a47d68267f21f47a23f5d</name>
  <onclickeventjavascriptfunctionname>handleEstimationAction</onclickeventjavascriptfunctionname>
  <onclickeventjavascriptparameters>[{"type":5},{"type":18,"value":true}]</onclickeventjavascriptparameters>
  <onclickeventjavascriptwebresourceid>
    <webresourceid>02cb474c-0ba1-ef11-8a69-6045bd88da3d</webresourceid>
  </onclickeventjavascriptwebresourceid>
  <onclickeventtype>2</onclickeventtype>
  <origin>0</origin>
  <sequence>100100046.0000000000</sequence>
  <statecode>0</statecode>
  <statuscode>1</statuscode>
  <type>0</type>
  <visibilityformulacomponentlibraryid>
    <name>pro_presalesassistantdefaultcommandlibrary_2645f</name>
  </visibilityformulacomponentlibraryid>
  <visibilityformulacomponentname>dea7dac88e1d47be80caae5c9476d58a</visibilityformulacomponentname>
  <visibilityformulafunctionname>Visible</visibilityformulafunctionname>
  <visibilitytype>1</visibilitytype>
</appaction>