<appaction uniquename="pro__CreateEstimation!a23f23ae1d514bcc883d785e4a486beb!pro_PresalesAssistant!pro_estimation!0">
  <appmoduleid>
    <uniquename>pro_PresalesAssistant</uniquename>
  </appmoduleid>
  <buttonlabeltext default="Create Estimation">
    <label description="Create Estimation" languagecode="1033" />
  </buttonlabeltext>
  <context>1</context>
  <contextentity>
    <logicalname>pro_estimation</logicalname>
  </contextentity>
  <contextvalue>pro_estimation</contextvalue>
  <fonticon>$clientsvg:Add</fonticon>
  <hidden>0</hidden>
  <iscustomizable>1</iscustomizable>
  <isdisabled>0</isdisabled>
  <isgrouptitlehidden>0</isgrouptitlehidden>
  <location>0</location>
  <name>CreateEstimation!a23f23ae1d514bcc883d785e4a486beb</name>
  <onclickeventjavascriptfunctionname>handleEstimationAction</onclickeventjavascriptfunctionname>
  <onclickeventjavascriptparameters>[{"type":5},{"type":18,"value":false}]</onclickeventjavascriptparameters>
  <onclickeventjavascriptwebresourceid>
    <webresourceid>02cb474c-0ba1-ef11-8a69-6045bd88da3d</webresourceid>
  </onclickeventjavascriptwebresourceid>
  <onclickeventtype>2</onclickeventtype>
  <origin>0</origin>
  <sequence>100100045.5000000000</sequence>
  <statecode>0</statecode>
  <statuscode>1</statuscode>
  <type>0</type>
  <visibilityformulacomponentlibraryid>
    <name>pro_presalesassistantdefaultcommandlibrary_2645f</name>
  </visibilityformulacomponentlibraryid>
  <visibilityformulacomponentname>f39df9d00b1c4fa89de211d1302f8c94</visibilityformulacomponentname>
  <visibilityformulafunctionname>Visible</visibilityformulafunctionname>
  <visibilitytype>1</visibilitytype>
</appaction>