<ImportExportXml version="9.2.24114.186" SolutionPackageVersion="9.2" languagecode="1033" generatedBy="CrmLive" xmlns:xsi="http://www.w3.org/2001/XMLSchema-instance" OrganizationVersion="9.2.24114.186" OrganizationSchemaType="Full" CRMServerServiceabilityVersion="9.2.24123.00178">
  <SolutionManifest>
    <UniqueName>PresalesAssistant</UniqueName>
    <LocalizedNames>
      <LocalizedName description="Proposal Builder" languagecode="1033" />
    </LocalizedNames>
    <Descriptions />
    <Version>1.0.20250107.1</Version>
    <Managed>1</Managed>
    <Publisher>
      <UniqueName>ProDev</UniqueName>
      <LocalizedNames>
        <LocalizedName description="ProDev" languagecode="1033" />
      </LocalizedNames>
      <Descriptions />
      <EMailAddress xsi:nil="true"></EMailAddress>
      <SupportingWebsiteUrl xsi:nil="true"></SupportingWebsiteUrl>
      <CustomizationPrefix>pro</CustomizationPrefix>
      <CustomizationOptionValuePrefix>89501</CustomizationOptionValuePrefix>
      <Addresses>
        <Address>
          <AddressNumber>1</AddressNumber>
          <AddressTypeCode>1</AddressTypeCode>
          <City xsi:nil="true"></City>
          <County xsi:nil="true"></County>
          <Country xsi:nil="true"></Country>
          <Fax xsi:nil="true"></Fax>
          <FreightTermsCode xsi:nil="true"></FreightTermsCode>
          <ImportSequenceNumber xsi:nil="true"></ImportSequenceNumber>
          <Latitude xsi:nil="true"></Latitude>
          <Line1 xsi:nil="true"></Line1>
          <Line2 xsi:nil="true"></Line2>
          <Line3 xsi:nil="true"></Line3>
          <Longitude xsi:nil="true"></Longitude>
          <Name xsi:nil="true"></Name>
          <PostalCode xsi:nil="true"></PostalCode>
          <PostOfficeBox xsi:nil="true"></PostOfficeBox>
          <PrimaryContactName xsi:nil="true"></PrimaryContactName>
          <ShippingMethodCode>1</ShippingMethodCode>
          <StateOrProvince xsi:nil="true"></StateOrProvince>
          <Telephone1 xsi:nil="true"></Telephone1>
          <Telephone2 xsi:nil="true"></Telephone2>
          <Telephone3 xsi:nil="true"></Telephone3>
          <TimeZoneRuleVersionNumber xsi:nil="true"></TimeZoneRuleVersionNumber>
          <UPSZone xsi:nil="true"></UPSZone>
          <UTCOffset xsi:nil="true"></UTCOffset>
          <UTCConversionTimeZoneCode xsi:nil="true"></UTCConversionTimeZoneCode>
        </Address>
        <Address>
          <AddressNumber>2</AddressNumber>
          <AddressTypeCode>1</AddressTypeCode>
          <City xsi:nil="true"></City>
          <County xsi:nil="true"></County>
          <Country xsi:nil="true"></Country>
          <Fax xsi:nil="true"></Fax>
          <FreightTermsCode xsi:nil="true"></FreightTermsCode>
          <ImportSequenceNumber xsi:nil="true"></ImportSequenceNumber>
          <Latitude xsi:nil="true"></Latitude>
          <Line1 xsi:nil="true"></Line1>
          <Line2 xsi:nil="true"></Line2>
          <Line3 xsi:nil="true"></Line3>
          <Longitude xsi:nil="true"></Longitude>
          <Name xsi:nil="true"></Name>
          <PostalCode xsi:nil="true"></PostalCode>
          <PostOfficeBox xsi:nil="true"></PostOfficeBox>
          <PrimaryContactName xsi:nil="true"></PrimaryContactName>
          <ShippingMethodCode>1</ShippingMethodCode>
          <StateOrProvince xsi:nil="true"></StateOrProvince>
          <Telephone1 xsi:nil="true"></Telephone1>
          <Telephone2 xsi:nil="true"></Telephone2>
          <Telephone3 xsi:nil="true"></Telephone3>
          <TimeZoneRuleVersionNumber xsi:nil="true"></TimeZoneRuleVersionNumber>
          <UPSZone xsi:nil="true"></UPSZone>
          <UTCOffset xsi:nil="true"></UTCOffset>
          <UTCConversionTimeZoneCode xsi:nil="true"></UTCConversionTimeZoneCode>
        </Address>
      </Addresses>
    </Publisher>
    <RootComponents>
      <RootComponent type="1" schemaName="account" behavior="2" />
      <RootComponent type="1" schemaName="activitypointer" behavior="2" />
      <RootComponent type="1" schemaName="pro_estimation" behavior="0" />
      <RootComponent type="1" schemaName="pro_estimationdetail" behavior="0" />
      <RootComponent type="1" schemaName="pro_estimationfactor" behavior="0" />
      <RootComponent type="1" schemaName="pro_phase" behavior="0" />
      <RootComponent type="1" schemaName="pro_projectteammember" behavior="0" />
      <RootComponent type="1" schemaName="pro_proposal" behavior="0" />
      <RootComponent type="1" schemaName="pro_proposalbpf" behavior="0" />
      <RootComponent type="1" schemaName="pro_proposalteammember" behavior="0" />
      <RootComponent type="1" schemaName="pro_subphase" behavior="0" />
      <RootComponent type="1" schemaName="pro_teammember" behavior="0" />
      <RootComponent type="1" schemaName="pro_technology" behavior="0" />
      <RootComponent type="1" schemaName="transactioncurrency" behavior="2" />
      <RootComponent type="9" schemaName="pro_rolecode" behavior="0" />
      <RootComponent type="9" schemaName="pro_versionstatuscode" behavior="0" />
      <RootComponent type="20" id="{12f57dd2-0baf-ef11-8a69-7c1e527200a2}" behavior="0" />
      <RootComponent type="20" id="{536a14e9-0aaf-ef11-8a69-6045bdf2cb41}" behavior="0" />
      <RootComponent type="20" id="{a4ab7ee0-0aaf-ef11-8a69-6045bd9914cc}" behavior="0" />
      <RootComponent type="29" id="{067b8460-3c98-ef11-8a68-7c1e527200a2}" behavior="0" />
      <RootComponent type="29" id="{23a1804c-65b4-ef11-b8e8-7c1e527200a2}" behavior="0" />
      <RootComponent type="29" id="{2c0e936e-0020-ef11-840a-000d3a3771c2}" behavior="0" />
      <RootComponent type="29" id="{92f989d3-599e-ef11-8a69-6045bd88da3d}" behavior="0" />
      <RootComponent type="29" id="{a35672de-ff1f-ef11-840a-000d3a3771c2}" behavior="0" />
      <RootComponent type="29" id="{b86d5497-f720-ef11-840a-000d3a3771c2}" behavior="0" />
      <RootComponent type="29" id="{d0186000-65b4-ef11-b8e8-7c1e527200a2}" behavior="0" />
      <RootComponent type="60" id="{15310138-d320-ef11-840a-000d3a3771c2}" behavior="0" />
      <RootComponent type="61" schemaName="pro_checkParentEstimationLock" behavior="0" />
      <RootComponent type="61" schemaName="pro_cloneestimationjs" behavior="0" />
      <RootComponent type="61" schemaName="pro_copyestimationfactortodetail" behavior="0" />
      <RootComponent type="61" schemaName="pro_estimationlockhandlerjs" behavior="0" />
      <RootComponent type="61" schemaName="pro_openEstimationTemplatePagejs" behavior="0" />
      <RootComponent type="61" schemaName="pro_ProposalBuilderAppLogo" behavior="0" />
      <RootComponent type="61" schemaName="pro_triggerproposalrecalculatejs" behavior="0" />
      <RootComponent type="61" schemaName="pro_triggerrecalculatejs" behavior="0" />
      <RootComponent type="62" schemaName="pro_PresalesAssistant" behavior="0" />
      <RootComponent type="80" schemaName="pro_PresalesAssistant" behavior="0" />
      <RootComponent type="91" id="{c5785f4c-2092-4a61-9ae4-f578d8c373e5}" schemaName="CalculateProposalTotals, Version=1.0.0.0, Culture=neutral, PublicKeyToken=6e4c89cab419adac" behavior="0" />
      <RootComponent type="91" id="{9a2bb086-a19e-4e75-929c-72e86e5cb2e5}" schemaName="EstimationClone, Version=1.0.0.0, Culture=neutral, PublicKeyToken=3aeef5f3acb36968" behavior="0" />
      <RootComponent type="91" id="{8328cb3c-807b-43a6-a0a6-ccb1187a8f04}" schemaName="RefreshRollupFields, Version=1.0.0.0, Culture=neutral, PublicKeyToken=9a9bc60afb58556f" behavior="0" />
      <RootComponent type="92" id="{3336ce90-4eab-ef11-8a69-6045bd9914cc}" behavior="0" />
      <RootComponent type="92" id="{8c0c066b-72a5-ef11-8a69-6045bd88da3d}" behavior="0" />
      <RootComponent type="92" id="{9ca233ba-dca3-ef11-8a69-6045bd88da3d}" behavior="0" />
      <RootComponent type="300" schemaName="pro_estimationtemplate_810fb" behavior="0" />
      <RootComponent type="300" schemaName="pro_presalesassistantdefaultcommandlibrary_2645f" behavior="0" />
    </RootComponents>
    <MissingDependencies>
      <MissingDependency>
        <Required type="26" schemaName="All Contacts" displayName="All Contacts" parentSchemaName="contact" parentDisplayName="Contact" solution="msdynce_AppCommon (9.0.4.0066)" id="{0d5d377b-5e7c-47b5-bab1-a5cb8b4ac105}">
          <package appName="Dynamics 365 Application Common" version="9.0.24123.10001">msdynce_AppCommonAnchor (9.0.24123.10001)</package>
        </Required>
        <Dependent type="80" schemaName="pro_PresalesAssistant" displayName="Proposal Builder" />
      </MissingDependency>
      <MissingDependency>
        <Required type="26" schemaName="All Accounts" displayName="All Accounts" parentSchemaName="account" parentDisplayName="Account" solution="msdynce_AppCommon (9.0.4.0066)" id="{65ffaf9a-e8c5-432d-860b-32f841b00d87}">
          <package appName="Dynamics 365 Application Common" version="9.0.24123.10001">msdynce_AppCommonAnchor (9.0.24123.10001)</package>
        </Required>
        <Dependent type="80" schemaName="pro_PresalesAssistant" displayName="Proposal Builder" />
      </MissingDependency>
      <MissingDependency>
        <Required type="60" displayName="Account" parentDisplayName="Account" solution="msdynce_AppCommon (9.0.4.0066)" id="{8448b78f-8f42-454e-8e2a-f8196b0419af}">
          <package appName="Dynamics 365 Application Common" version="9.0.24123.10001">msdynce_AppCommonAnchor (9.0.24123.10001)</package>
        </Required>
        <Dependent type="80" schemaName="pro_PresalesAssistant" displayName="Proposal Builder" />
      </MissingDependency>
      <MissingDependency>
        <Required type="60" displayName="Contact Quick Form" parentDisplayName="Contact" solution="msdynce_AppCommon (9.0.4.0066)" id="{bdb0ae1c-32fa-4374-b637-8dafe107bc44}">
          <package appName="Dynamics 365 Application Common" version="9.0.24123.10001">msdynce_AppCommonAnchor (9.0.24123.10001)</package>
        </Required>
        <Dependent type="80" schemaName="pro_PresalesAssistant" displayName="Proposal Builder" />
      </MissingDependency>
      <MissingDependency>
        <Required type="66" schemaName="MscrmControls.Grid.GridControl" displayName="MscrmControls.Grid.GridControl" solution="BaseCustomControlsCore (9.0.2411.4010)">
          <package appName="Base Custom Controls" version="9.0.2411.4010">BaseCustomControlsCore (9.0.2411.4010)</package>
        </Required>
        <Dependent type="60" displayName="Information" parentDisplayName="Estimation" id="{31c0f4e6-1774-4f72-b71f-2bf1848fbbde}" />
      </MissingDependency>
      <MissingDependency>
        <Required type="66" schemaName="MscrmControls.Grid.GridControl" displayName="MscrmControls.Grid.GridControl" solution="BaseCustomControlsCore (9.0.2411.4010)">
          <package appName="Base Custom Controls" version="9.0.2411.4010">BaseCustomControlsCore (9.0.2411.4010)</package>
        </Required>
        <Dependent type="68" id="{05922ae2-b607-49f0-8f41-0619da732a4e}" />
      </MissingDependency>
      <MissingDependency>
        <Required type="66" schemaName="MscrmControls.Grid.GridControl" displayName="MscrmControls.Grid.GridControl" solution="BaseCustomControlsCore (9.0.2411.4010)">
          <package appName="Base Custom Controls" version="9.0.2411.4010">BaseCustomControlsCore (9.0.2411.4010)</package>
        </Required>
        <Dependent type="68" id="{388514cf-f94f-4755-b442-802ce9e2531d}" />
      </MissingDependency>
      <MissingDependency>
        <Required type="SettingDefinition" displayName="AppChannel" solution="msdyn_AppFrameworkInfraExtensions (1.0.0.12)" id.uniquename="AppChannel">
          <package appName="PowerAppsAppFramework Package" version="1.0.0.16">PowerAppsAppFramework_Anchor (1.0.0.16)</package>
        </Required>
        <Dependent type="AppSetting" displayName="parentappmoduleid.uniquename=pro_PresalesAssistant,settingdefinitionid.uniquename=AppChannel" id.parentappmoduleid.uniquename="pro_PresalesAssistant" id.settingdefinitionid.uniquename="AppChannel" />
      </MissingDependency>
    </MissingDependencies>
  </SolutionManifest>
</ImportExportXml>