<appaction uniquename="pro__RecalculateTotals!9d51ef882f1249d78c55e097770f2dd5!pro_PresalesAssistant!pro_proposal!0">
  <appmoduleid>
    <uniquename>pro_PresalesAssistant</uniquename>
  </appmoduleid>
  <buttonlabeltext default="Recalculate Totals">
    <label description="Recalculate Totals" languagecode="1033" />
  </buttonlabeltext>
  <context>1</context>
  <contextentity>
    <logicalname>pro_proposal</logicalname>
  </contextentity>
  <contextvalue>pro_proposal</contextvalue>
  <fonticon>$clientsvg:Calculator</fonticon>
  <hidden>0</hidden>
  <iscustomizable>1</iscustomizable>
  <isdisabled>0</isdisabled>
  <isgrouptitlehidden>0</isgrouptitlehidden>
  <location>0</location>
  <name>RecalculateTotals!9d51ef882f1249d78c55e097770f2dd5</name>
  <onclickeventjavascriptfunctionname>triggerProposalRecalculate</onclickeventjavascriptfunctionname>
  <onclickeventjavascriptparameters>[{"type":5}]</onclickeventjavascriptparameters>
  <onclickeventjavascriptwebresourceid>
    <webresourceid>8f3d9869-5dab-ef11-8a69-7c1e527200a2</webresourceid>
  </onclickeventjavascriptwebresourceid>
  <onclickeventtype>2</onclickeventtype>
  <origin>0</origin>
  <sequence>100100051.5000000000</sequence>
  <statecode>0</statecode>
  <statuscode>1</statuscode>
  <type>0</type>
  <visibilitytype>0</visibilitytype>
</appaction>