<appaction uniquename="pro__CreateEstimation!f51c4df3b42f41cba9f582c983c2abf5!pro_PresalesAssistant!pro_estimation!2">
  <appmoduleid>
    <uniquename>pro_PresalesAssistant</uniquename>
  </appmoduleid>
  <buttonlabeltext default="Create Estimation From Template">
    <label description="Create Estimation From Template" languagecode="1033" />
  </buttonlabeltext>
  <context>1</context>
  <contextentity>
    <logicalname>pro_estimation</logicalname>
  </contextentity>
  <contextvalue>pro_estimation</contextvalue>
  <fonticon>$clientsvg:Add</fonticon>
  <hidden>0</hidden>
  <iscustomizable>1</iscustomizable>
  <isdisabled>0</isdisabled>
  <isgrouptitlehidden>0</isgrouptitlehidden>
  <location>2</location>
  <name>CreateEstimation!f51c4df3b42f41cba9f582c983c2abf5</name>
  <onclickeventjavascriptfunctionname>openEstimationTemplatePage</onclickeventjavascriptfunctionname>
  <onclickeventjavascriptparameters>[{"type":5}]</onclickeventjavascriptparameters>
  <onclickeventjavascriptwebresourceid>
    <webresourceid>935718ba-2aac-ef11-8a69-7c1e527200a2</webresourceid>
  </onclickeventjavascriptwebresourceid>
  <onclickeventtype>2</onclickeventtype>
  <origin>0</origin>
  <sequence>100100015.0000000000</sequence>
  <statecode>0</statecode>
  <statuscode>1</statuscode>
  <type>0</type>
  <visibilitytype>0</visibilitytype>
</appaction>